<?xml version="1.0"?>
<!--<!DOCTYPE metadata SYSTEM "http://www.esri.com/metadata/esriprof80.dtd">-->
<metadata xml:lang="en"><Esri><MetaID>{57E34D1C-8792-4106-9F20-43DDE2504CC1}</MetaID><CreaDate>20031007</CreaDate><CreaTime>11030100</CreaTime><SyncOnce>FALSE</SyncOnce><SyncDate>20031017</SyncDate><SyncTime>09063900</SyncTime><ModDate>20031017</ModDate><ModTime>09063900</ModTime></Esri><idinfo><native Sync="TRUE">Microsoft Windows 2000 Version 5.1 (Build 2600) ; ESRI ArcCatalog 8.2.0.700</native><descript><langdata Sync="TRUE">en</langdata><abstract>REQUIRED: A brief narrative summary of the data set.</abstract><purpose>REQUIRED: A summary of the intentions with which the data set was developed.</purpose></descript><citation><citeinfo><origin>REQUIRED: The name of an organization or individual that developed the data set.</origin><pubdate>REQUIRED: The date when the data set is published or otherwise made available for release.</pubdate><title Sync="TRUE">I_RoadMain</title><ftname Sync="TRUE">I_RoadMain</ftname><geoform Sync="TRUE">vector digital data</geoform><onlink Sync="TRUE">\\GIS2\MMEIRS\Shape\Infrastructure\I_RoadMain.shp</onlink></citeinfo></citation><timeperd><current>REQUIRED: The basis on which the time period of content information is determined.</current><timeinfo><sngdate><caldate>REQUIRED: The year (and optionally month, or month and day) for which the data set corresponds to the ground.</caldate></sngdate></timeinfo></timeperd><status><progress>REQUIRED: The state of the data set.</progress><update>REQUIRED: The frequency with which changes and additions are made to the data set after the initial data set is completed.</update></status><spdom><bounding><westbc Sync="TRUE">120.930793</westbc><eastbc Sync="TRUE">121.142808</eastbc><northbc Sync="TRUE">14.779628</northbc><southbc Sync="TRUE">14.367564</southbc></bounding><lboundng><leftbc Sync="TRUE">492549.428393</leftbc><rightbc Sync="TRUE">515374.178800</rightbc><bottombc Sync="TRUE">1588840.713688</bottombc><topbc Sync="TRUE">1634423.797530</topbc></lboundng></spdom><keywords><theme><themekt>REQUIRED: Reference to a formally registered thesaurus or a similar authoritative source of theme keywords.</themekt><themekey>REQUIRED: Common-use word or phrase used to describe the subject of the data set.</themekey></theme></keywords><accconst>REQUIRED: Restrictions and legal prerequisites for accessing the data set.</accconst><useconst>REQUIRED: Restrictions and legal prerequisites for using the data set after access is granted.</useconst><natvform Sync="TRUE">Shapefile</natvform></idinfo><dataIdInfo><envirDesc Sync="TRUE">Microsoft Windows 2000 Version 5.1 (Build 2600) ; ESRI ArcCatalog 8.2.0.700</envirDesc><dataLang><languageCode Sync="TRUE" value="en"></languageCode></dataLang><idCitation><resTitle Sync="TRUE">I_RoadMain</resTitle><presForm><PresFormCd Sync="TRUE" value="005"></PresFormCd></presForm></idCitation><spatRpType><SpatRepTypCd Sync="TRUE" value="001"></SpatRepTypCd></spatRpType><geoBox esriExtentType="native"><westBL Sync="TRUE">492549.428393</westBL><eastBL Sync="TRUE">515374.1788</eastBL><northBL Sync="TRUE">1634423.79753</northBL><southBL Sync="TRUE">1588840.713688</southBL><exTypeCode Sync="TRUE">1</exTypeCode></geoBox><geoBox esriExtentType="decdegrees"><westBL Sync="TRUE">120.930793</westBL><eastBL Sync="TRUE">121.142808</eastBL><northBL Sync="TRUE">14.779628</northBL><southBL Sync="TRUE">14.367564</southBL><exTypeCode Sync="TRUE">1</exTypeCode></geoBox></dataIdInfo><metainfo><langmeta Sync="TRUE">en</langmeta><metstdn Sync="TRUE">FGDC Content Standards for Digital Geospatial Metadata</metstdn><metstdv Sync="TRUE">FGDC-STD-001-1998</metstdv><mettc Sync="TRUE">local time</mettc><metc><cntinfo><cntorgp><cntper>REQUIRED: The person responsible for the metadata information.</cntper><cntorg>REQUIRED: The organization responsible for the metadata information.</cntorg></cntorgp><cntaddr><addrtype>REQUIRED: The mailing and/or physical address for the organization or individual.</addrtype><city>REQUIRED: The city of the address.</city><state>REQUIRED: The state or province of the address.</state><postal>REQUIRED: The ZIP or other postal code of the address.</postal></cntaddr><cntvoice>REQUIRED: The telephone number by which individuals can speak to the organization or individual.</cntvoice></cntinfo></metc><metd Sync="TRUE">20031017</metd><metextns><onlink Sync="TRUE">http://www.esri.com/metadata/esriprof80.html</onlink><metprof Sync="TRUE">ESRI Metadata Profile</metprof></metextns></metainfo><mdLang><languageCode Sync="TRUE" value="en"></languageCode></mdLang><mdStanName Sync="TRUE">ISO 19115 Geographic Information - Metadata</mdStanName><mdStanVer Sync="TRUE">DIS_ESRI1.0</mdStanVer><mdChar><CharSetCd Sync="TRUE" value="004"></CharSetCd></mdChar><mdHrLv><ScopeCd Sync="TRUE" value="005"></ScopeCd></mdHrLv><mdHrLvName Sync="TRUE">dataset</mdHrLvName><distinfo><resdesc Sync="TRUE">Downloadable Data</resdesc><stdorder><digform><digtinfo><transize Sync="TRUE">1.990</transize><dssize Sync="TRUE">1.990</dssize></digtinfo></digform></stdorder></distinfo><distInfo><distributor><distorTran><onLineSrc><orDesc Sync="TRUE">002</orDesc><linkage Sync="TRUE">file://\\GIS2\MMEIRS\Shape\Infrastructure\I_RoadMain.shp</linkage><protocol Sync="TRUE">Local Area Network</protocol></onLineSrc><transSize Sync="TRUE">1.990</transSize></distorTran><distorFormat><formatName Sync="TRUE">Shapefile</formatName></distorFormat></distributor></distInfo><spdoinfo><direct Sync="TRUE">Vector</direct><ptvctinf><esriterm Name="I_RoadMain"><efeatyp Sync="TRUE">Simple</efeatyp><efeageom Sync="TRUE">Polyline</efeageom><esritopo Sync="TRUE">FALSE</esritopo><efeacnt Sync="TRUE">7108</efeacnt><spindex Sync="TRUE">TRUE</spindex><linrefer Sync="TRUE">FALSE</linrefer></esriterm><sdtsterm Name="I_RoadMain"><sdtstype Sync="TRUE">String</sdtstype><ptvctcnt Sync="TRUE">7108</ptvctcnt></sdtsterm></ptvctinf></spdoinfo><spref><horizsys><cordsysn><geogcsn Sync="TRUE">GCS_Luzon_1911</geogcsn><projcsn Sync="TRUE">Philippines_Zone_III</projcsn></cordsysn><planar><planci><plance Sync="TRUE">coordinate pair</plance><plandu Sync="TRUE">meters</plandu><coordrep><absres Sync="TRUE">0.000064</absres><ordres Sync="TRUE">0.000064</ordres></coordrep></planci><mapproj><mapprojn Sync="TRUE">Transverse Mercator</mapprojn><transmer><sfctrmer Sync="TRUE">0.999950</sfctrmer><longcm Sync="TRUE">121.000000</longcm><latprjo Sync="TRUE">0.000000</latprjo><feast Sync="TRUE">500000.000000</feast><fnorth Sync="TRUE">0.000000</fnorth></transmer></mapproj></planar><geodetic><horizdn Sync="TRUE">D_Luzon_1911</horizdn><ellips Sync="TRUE">Clarke 1866</ellips><semiaxis Sync="TRUE">6378206.400000</semiaxis><denflat Sync="TRUE">294.978698</denflat></geodetic></horizsys></spref><refSysInfo><RefSystem><refSysID><identCode Sync="TRUE">Philippines_Zone_III</identCode></refSysID></RefSystem></refSysInfo><spatRepInfo><VectSpatRep><topLvl><TopoLevCd Sync="TRUE" value="001"></TopoLevCd></topLvl><geometObjs Name="I_RoadMain"><geoObjTyp><GeoObjTypCd Sync="TRUE" value="001"></GeoObjTypCd></geoObjTyp><geoObjCnt Sync="TRUE">7108</geoObjCnt></geometObjs></VectSpatRep></spatRepInfo><eainfo><detailed Name="I_RoadMain"><enttyp><enttypl Sync="TRUE">I_RoadMain</enttypl><enttypt Sync="TRUE">Feature Class</enttypt><enttypc Sync="TRUE">7108</enttypc></enttyp><attr><attrlabl Sync="TRUE">FID</attrlabl><attalias Sync="TRUE">FID</attalias><attrtype Sync="TRUE">OID</attrtype><attwidth Sync="TRUE">4</attwidth><atprecis Sync="TRUE">0</atprecis><attscale Sync="TRUE">0</attscale><attrdef Sync="TRUE">Internal feature number.</attrdef><attrdefs Sync="TRUE">ESRI</attrdefs><attrdomv><udom Sync="TRUE">Sequential unique whole numbers that are automatically generated.</udom></attrdomv></attr><attr><attrlabl Sync="TRUE">Shape</attrlabl><attalias Sync="TRUE">Shape</attalias><attrtype Sync="TRUE">Geometry</attrtype><attwidth Sync="TRUE">0</attwidth><atprecis Sync="TRUE">0</atprecis><attscale Sync="TRUE">0</attscale><attrdef Sync="TRUE">Feature geometry.</attrdef><attrdefs Sync="TRUE">ESRI</attrdefs><attrdomv><udom Sync="TRUE">Coordinates defining the features.</udom></attrdomv></attr><attr><attrlabl Sync="TRUE">FNODE_</attrlabl><attalias Sync="TRUE">FNODE_</attalias><attrtype Sync="TRUE">Number</attrtype><attwidth Sync="TRUE">11</attwidth></attr><attr><attrlabl Sync="TRUE">TNODE_</attrlabl><attalias Sync="TRUE">TNODE_</attalias><attrtype Sync="TRUE">Number</attrtype><attwidth Sync="TRUE">11</attwidth></attr><attr><attrlabl Sync="TRUE">LPOLY_</attrlabl><attalias Sync="TRUE">LPOLY_</attalias><attrtype Sync="TRUE">Number</attrtype><attwidth Sync="TRUE">11</attwidth></attr><attr><attrlabl Sync="TRUE">RPOLY_</attrlabl><attalias Sync="TRUE">RPOLY_</attalias><attrtype Sync="TRUE">Number</attrtype><attwidth Sync="TRUE">11</attwidth></attr><attr><attrlabl Sync="TRUE">LENGTH</attrlabl><attalias Sync="TRUE">LENGTH</attalias><attrtype Sync="TRUE">Number</attrtype><attwidth Sync="TRUE">15</attwidth><atnumdec Sync="TRUE">3</atnumdec></attr><attr><attrlabl Sync="TRUE">TNTANNO_</attrlabl><attalias Sync="TRUE">TNTANNO_</attalias><attrtype Sync="TRUE">Number</attrtype><attwidth Sync="TRUE">11</attwidth></attr><attr><attrlabl Sync="TRUE">TNTANNO_ID</attrlabl><attalias Sync="TRUE">TNTANNO_ID</attalias><attrtype Sync="TRUE">Number</attrtype><attwidth Sync="TRUE">11</attwidth></attr><attr><attrlabl Sync="TRUE">FIGCODE</attrlabl><attalias Sync="TRUE">FIGCODE</attalias><attrtype Sync="TRUE">Number</attrtype><attwidth Sync="TRUE">6</attwidth></attr><attr><attrlabl Sync="TRUE">NAME</attrlabl><attalias Sync="TRUE">NAME</attalias><attrtype Sync="TRUE">String</attrtype><attwidth Sync="TRUE">40</attwidth></attr><attr><attrlabl Sync="TRUE">FLAG</attrlabl><attalias Sync="TRUE">FLAG</attalias><attrtype Sync="TRUE">Number</attrtype><attwidth Sync="TRUE">1</attwidth></attr><attr><attrlabl Sync="TRUE">CLASS</attrlabl><attalias Sync="TRUE">CLASS</attalias><attrtype Sync="TRUE">String</attrtype><attwidth Sync="TRUE">35</attwidth></attr></detailed></eainfo><mdDateSt Sync="TRUE">20031017</mdDateSt></metadata>
