<?xml version="1.0"?>
<!--<!DOCTYPE metadata SYSTEM "http://www.esri.com/metadata/esriprof80.dtd">-->
<metadata xml:lang="en"><Esri><MetaID>{436A9F67-E0CC-41DE-8B74-F49C13B0363F}</MetaID><CreaDate>20030604</CreaDate><CreaTime>17420300</CreaTime><SyncOnce>FALSE</SyncOnce><SyncDate>20031021</SyncDate><SyncTime>08300200</SyncTime><ModDate>20031021</ModDate><ModTime>08300200</ModTime></Esri><idinfo><native Sync="TRUE">Microsoft Windows 2000 Version 5.1 (Build 2600) ; ESRI ArcCatalog 8.2.0.700</native><descript><langdata Sync="TRUE">en</langdata><abstract>Hospital data were initially collected from MMDA and were supplemented by data collected from Department of Health (DOH).</abstract><purpose>Hospitals are important public facilities in times of disasters such as earthquake. Attribute data pertaining to the main hospital structures are also being collected to assess the vulnerability of there hospital building to earthquake</purpose></descript><citation><citeinfo><origin>REQUIRED: The name of an organization or individual that developed the data set.</origin><pubdate>REQUIRED: The date when the data set is published or otherwise made available for release.</pubdate><title Sync="TRUE">P_Hospital</title><ftname Sync="TRUE">P_Hospital</ftname><geoform Sync="TRUE">vector digital data</geoform><onlink Sync="TRUE">\\GIS2\MMEIRS\Shape\PublicFacilities\P_Hospital.shp</onlink></citeinfo></citation><timeperd><current>REQUIRED: The basis on which the time period of content information is determined.</current><timeinfo><sngdate><caldate>REQUIRED: The year (and optionally month, or month and day) for which the data set corresponds to the ground.</caldate></sngdate></timeinfo></timeperd><status><progress>REQUIRED: The state of the data set.</progress><update>REQUIRED: The frequency with which changes and additions are made to the data set after the initial data set is completed.</update></status><spdom><bounding><westbc Sync="TRUE">120.945716</westbc><eastbc Sync="TRUE">121.107869</eastbc><northbc Sync="TRUE">14.768183</northbc><southbc Sync="TRUE">14.372354</southbc></bounding><lboundng><leftbc Sync="TRUE">494155.741872</leftbc><rightbc Sync="TRUE">511613.379137</rightbc><bottombc Sync="TRUE">1589368.553073</bottombc><topbc Sync="TRUE">1633157.593228</topbc></lboundng></spdom><keywords><theme><themekt>REQUIRED: Reference to a formally registered thesaurus or a similar authoritative source of theme keywords.</themekt><themekey>REQUIRED: Common-use word or phrase used to describe the subject of the data set.</themekey></theme></keywords><accconst>Public</accconst><useconst>MMDA/Phivolcs</useconst><natvform Sync="TRUE">Shapefile</natvform><ptcontac><cntinfo><cntperp><cntper>Irma Javier</cntper><cntorg>DOH</cntorg></cntperp><cntpos>Health Emergency Management Coordinator</cntpos><cntvoice>5351488</cntvoice></cntinfo></ptcontac><secinfo><secsys>MMEIRS</secsys><secclass>Unclassified</secclass><sechandl>Public data</sechandl></secinfo></idinfo><metainfo><langmeta Sync="TRUE">en</langmeta><metstdn Sync="TRUE">FGDC Content Standards for Digital Geospatial Metadata</metstdn><metstdv Sync="TRUE">FGDC-STD-001-1998</metstdv><mettc Sync="TRUE">local time</mettc><metc><cntinfo><cntorgp><cntper>REQUIRED: The person responsible for the metadata information.</cntper><cntorg>REQUIRED: The organization responsible for the metadata information.</cntorg></cntorgp><cntaddr><addrtype>REQUIRED: The mailing and/or physical address for the organization or individual.</addrtype><city>REQUIRED: The city of the address.</city><state>REQUIRED: The state or province of the address.</state><postal>REQUIRED: The ZIP or other postal code of the address.</postal></cntaddr><cntvoice>REQUIRED: The telephone number by which individuals can speak to the organization or individual.</cntvoice></cntinfo></metc><metd Sync="TRUE">20031021</metd><metextns><onlink Sync="TRUE">http://www.esri.com/metadata/esriprof80.html</onlink><metprof Sync="TRUE">ESRI Metadata Profile</metprof></metextns></metainfo><spdoinfo><direct Sync="TRUE">Vector</direct><ptvctinf><esriterm Name="P_Hospital"><efeatyp Sync="TRUE">Simple</efeatyp><efeageom Sync="TRUE">Point</efeageom><esritopo Sync="TRUE">FALSE</esritopo><efeacnt Sync="TRUE">177</efeacnt><spindex Sync="TRUE">TRUE</spindex><linrefer Sync="TRUE">FALSE</linrefer></esriterm><sdtsterm Name="P_Hospital"><sdtstype Sync="TRUE">Entity point</sdtstype><ptvctcnt Sync="TRUE">177</ptvctcnt></sdtsterm></ptvctinf></spdoinfo><spref><horizsys><cordsysn><geogcsn Sync="TRUE">GCS_Luzon_1911</geogcsn><projcsn Sync="TRUE">Philippines_Zone_III</projcsn></cordsysn><planar><planci><plance Sync="TRUE">coordinate pair</plance><plandu Sync="TRUE">meters</plandu><coordrep><absres Sync="TRUE">0.000064</absres><ordres Sync="TRUE">0.000064</ordres></coordrep></planci><mapproj><mapprojn Sync="TRUE">Transverse Mercator</mapprojn><transmer><sfctrmer Sync="TRUE">0.999950</sfctrmer><longcm Sync="TRUE">121.000000</longcm><latprjo Sync="TRUE">0.000000</latprjo><feast Sync="TRUE">500000.000000</feast><fnorth Sync="TRUE">0.000000</fnorth></transmer></mapproj></planar><geodetic><horizdn Sync="TRUE">D_Luzon_1911</horizdn><ellips Sync="TRUE">Clarke 1866</ellips><semiaxis Sync="TRUE">6378206.400000</semiaxis><denflat Sync="TRUE">294.978698</denflat></geodetic></horizsys></spref><eainfo><detailed Name="P_Hospital"><enttyp><enttypl Sync="TRUE">P_Hospital</enttypl><enttypt Sync="TRUE">Feature Class</enttypt><enttypc Sync="TRUE">177</enttypc></enttyp><attr><attrlabl Sync="TRUE">FID</attrlabl><attalias Sync="TRUE">FID</attalias><attrtype Sync="TRUE">OID</attrtype><attwidth Sync="TRUE">4</attwidth><atprecis Sync="TRUE">0</atprecis><attscale Sync="TRUE">0</attscale><attrdef Sync="TRUE">Internal feature number.</attrdef><attrdefs Sync="TRUE">ESRI</attrdefs><attrdomv><udom Sync="TRUE">Sequential unique whole numbers that are automatically generated.</udom></attrdomv></attr><attr><attrlabl Sync="TRUE">Shape</attrlabl><attalias Sync="TRUE">Shape</attalias><attrtype Sync="TRUE">Geometry</attrtype><attwidth Sync="TRUE">0</attwidth><atprecis Sync="TRUE">0</atprecis><attscale Sync="TRUE">0</attscale><attrdef Sync="TRUE">Feature geometry.</attrdef><attrdefs Sync="TRUE">ESRI</attrdefs><attrdomv><udom Sync="TRUE">Coordinates defining the features.</udom></attrdomv></attr><attr><attrlabl Sync="TRUE">HOSP_CODE</attrlabl><attalias Sync="TRUE">HOSP_CODE</attalias><attrtype Sync="TRUE">String</attrtype><attwidth Sync="TRUE">16</attwidth><attrdef>Hospital code assigned by MMEIRS. Code reflects which City/Municipality the hospital is located</attrdef></attr><attr><attrlabl Sync="TRUE">Name</attrlabl><attalias Sync="TRUE">Name</attalias><attrtype Sync="TRUE">String</attrtype><attwidth Sync="TRUE">50</attwidth><attrdef>Name of Hospital</attrdef></attr><attr><attrlabl Sync="TRUE">Address</attrlabl><attalias Sync="TRUE">Address</attalias><attrtype Sync="TRUE">String</attrtype><attwidth Sync="TRUE">60</attwidth><attrdefs>DOH 2003</attrdefs><attrdef>Address of Hospital</attrdef></attr><attr><attrlabl Sync="TRUE">Municipali</attrlabl><attalias Sync="TRUE">Municipali</attalias><attrtype Sync="TRUE">String</attrtype><attwidth Sync="TRUE">30</attwidth><attrdefs>DOH 2003</attrdefs><attrdef>City/Municipaly where hospital is located</attrdef></attr><attr><attrlabl Sync="TRUE">Category</attrlabl><attalias Sync="TRUE">Category</attalias><attrtype Sync="TRUE">String</attrtype><attwidth Sync="TRUE">15</attwidth><attrdef>Category supplied by DOH, Tertiary, Secondary &amp; Primary</attrdef></attr><attr><attrlabl Sync="TRUE">Ownnership</attrlabl><attalias Sync="TRUE">Ownnership</attalias><attrtype Sync="TRUE">String</attrtype><attwidth Sync="TRUE">20</attwidth><attrdef>Ownership whether private, LGU or government agency</attrdef></attr><attr><attrlabl Sync="TRUE">ABC</attrlabl><attalias Sync="TRUE">ABC</attalias><attrtype Sync="TRUE">Number</attrtype><attwidth Sync="TRUE">10</attwidth><attrdef>Authorized Bed Capacity</attrdef></attr><attr><attrlabl Sync="TRUE">Director</attrlabl><attalias Sync="TRUE">Director</attalias><attrtype Sync="TRUE">String</attrtype><attwidth Sync="TRUE">50</attwidth><attrdef>Director of Hospital</attrdef></attr><attr><attrlabl Sync="TRUE">Class</attrlabl><attalias Sync="TRUE">Class</attalias><attrtype Sync="TRUE">String</attrtype><attwidth Sync="TRUE">15</attwidth><attrdef>Class by DOH, Special or General</attrdef></attr></detailed></eainfo><distinfo><stdorder><digform><digtinfo><transize Sync="TRUE">0.066</transize><dssize Sync="TRUE">0.066</dssize></digtinfo></digform></stdorder><resdesc Sync="TRUE">Downloadable Data</resdesc></distinfo><dataqual><logic>Initial GIS data of hospitals were obtained from MMDA. These were supplemented by data gathered by MMEIRS.Attempts were made to ask DOH staff to do the plotting so the team can digitize them later but there were problems. The best DOH was able to provide was a directory of all hospitals.   This was used by the team as guide in plotting. Some hospital locations were plotted on screen with the help of city guide maps. For others, the hospitals were  directly contacted through telephone and were asked for directions as to the location.</logic><complete>All hospitals classified as Tertiary according to the hospital directory provided by DOH were plotted. 10 Secondary hospitals were not plotted due to several reasons, some do not exist anymore while some cannot be contacted by telephone.</complete></dataqual><dataIdInfo><envirDesc Sync="TRUE">Microsoft Windows 2000 Version 5.1 (Build 2600) ; ESRI ArcCatalog 8.2.0.700</envirDesc><dataLang><languageCode Sync="TRUE" value="en"></languageCode></dataLang><idCitation><resTitle Sync="TRUE">P_Hospital</resTitle><presForm><PresFormCd Sync="TRUE" value="005"></PresFormCd></presForm></idCitation><spatRpType><SpatRepTypCd Sync="TRUE" value="001"></SpatRepTypCd></spatRpType><geoBox esriExtentType="native"><westBL Sync="TRUE">494155.741872</westBL><eastBL Sync="TRUE">511613.379137</eastBL><northBL Sync="TRUE">1633157.593228</northBL><southBL Sync="TRUE">1589368.553073</southBL><exTypeCode Sync="TRUE">1</exTypeCode></geoBox><geoBox esriExtentType="decdegrees"><westBL Sync="TRUE">120.945716</westBL><eastBL Sync="TRUE">121.107869</eastBL><northBL Sync="TRUE">14.768183</northBL><southBL Sync="TRUE">14.372354</southBL><exTypeCode Sync="TRUE">1</exTypeCode></geoBox></dataIdInfo><mdLang><languageCode Sync="TRUE" value="en"></languageCode></mdLang><mdStanName Sync="TRUE">ISO 19115 Geographic Information - Metadata</mdStanName><mdStanVer Sync="TRUE">DIS_ESRI1.0</mdStanVer><mdChar><CharSetCd Sync="TRUE" value="004"></CharSetCd></mdChar><mdHrLv><ScopeCd Sync="TRUE" value="005"></ScopeCd></mdHrLv><mdHrLvName Sync="TRUE">dataset</mdHrLvName><distInfo><distributor><distorTran><onLineSrc><orDesc Sync="TRUE">002</orDesc><linkage Sync="TRUE">file://\\GIS2\MMEIRS\Shape\PublicFacilities\P_Hospital.shp</linkage><protocol Sync="TRUE">Local Area Network</protocol></onLineSrc><transSize Sync="TRUE">0.066</transSize></distorTran><distorFormat><formatName Sync="TRUE">Shapefile</formatName></distorFormat></distributor></distInfo><refSysInfo><RefSystem><refSysID><identCode Sync="TRUE">Philippines_Zone_III</identCode></refSysID></RefSystem></refSysInfo><spatRepInfo><VectSpatRep><topLvl><TopoLevCd Sync="TRUE" value="001"></TopoLevCd></topLvl><geometObjs Name="P_Hospital"><geoObjTyp><GeoObjTypCd Sync="TRUE" value="004"></GeoObjTypCd></geoObjTyp><geoObjCnt Sync="TRUE">177</geoObjCnt></geometObjs></VectSpatRep></spatRepInfo><mdDateSt Sync="TRUE">20031021</mdDateSt></metadata>
