<?xml version="1.0"?>
<!--<!DOCTYPE metadata SYSTEM "http://www.esri.com/metadata/esriprof80.dtd">-->
<metadata xml:lang="en"><Esri><CreaDate>20031017</CreaDate><CreaTime>15004500</CreaTime><SyncOnce>TRUE</SyncOnce><MetaID>{245DB2F3-629A-492A-AF99-DC76B3A2701B}</MetaID></Esri><idinfo><citation><citeinfo><onlink Sync="TRUE">\\GIS2\MMEIRS\Shape\SocialConditions\S_Citybnd_AdjareaCopy</onlink></citeinfo></citation></idinfo><distInfo><distributor><distorTran><onLineSrc><linkage Sync="TRUE">file://\\GIS2\MMEIRS\Shape\SocialConditions\S_Citybnd_AdjareaCopy</linkage><protocol Sync="TRUE">Local Area Network</protocol></onLineSrc></distorTran></distributor></distInfo><dataqual><lineage><procstep><procdesc Sync="TRUE">Dataset copied.</procdesc><srcused Sync="TRUE">V:\Shape\SocialConditions\S_Citybnd_Adjarea</srcused><date Sync="TRUE">20031017</date><time Sync="TRUE">15004500</time></procstep></lineage></dataqual></metadata>
